JD,Magnitude,Uncertainty,HQuncertainty,Band,Observer Code,Comment Code(s),Comp Star 1,Comp Star 2,Charts,Comments,Transfomed,Airmass,Validation Flag,Cmag,Kmag,HJD,Star Name,Observer Affiliation,Measurement Method,Grouping Method,ADS Reference,Digitizer,Credit
2458605.42194,17.747,0.1,,V,EHEA,,ensemble,000-BNC-523,X24436FB,,0,,Z,,14.567,,SN 2019EIN,AAVSO,STD,,,,
2458613.38821,14.56,,,V,MAND,,000-BNC-522,000-BNC-522,X24436ER,,0,,Z,14.323,14.323,,SN 2019EIN,AAVSO,STD,,,,
2458615.69440,14.298,0.0062,,V,SDN,,143,146,X24429JH,Mean from 5 images,1,1.000,Z,7.8172,8.090,,SN 2019EIN,AAVSO,STD,,,,
2458615.7125,14.107,0.0133,,B,SDN,,143,146,X24429JH,Mean from 5 images,1,1.003,Z,8.5834,9.052,,SN 2019EIN,AAVSO,STD,,,,
2458616.36042,14.1,,,CV,WKL,,,,X24429HV,,0,,Z,14.3,,,SN 2019ein,BAV,STD,,,,
2458616.38542,14.2,,,Vis.,WKL,,14.3,,X24429HV,,,,Z,,,,SN 2019ein,BAV,STD,,,,
2458616.43795,14.101,0.055,,V,RZD,,ENSEMBLE,,190514,,0,1.036,Z,,,,SN 2019EIN,AAVSO,STD,,,,
2458616.55670,14.19,,,V,NRNA,,000-BNC-522,,X224429EG,,0,,Z,14.06,,,SN 2019EIN,AAVSO,STD,,,,
2458616.57080,14.06,,,R,NRNA,,000-BNC-522,,X224429EG,,0,,Z,14.06,,,SN 2019EIN,AAVSO,STD,,,,
2458616.96797,14.15,0.019,,V,BLP,,143,146,X24419BYJ,,0,1.71,Z,14.323,14.57,,SN 2019ein,MCSE,STD,,,,
2458617.355,14.1,,,V,LGIB,,000-BNC-522,,X24436ER,,0,,Z,14.32,,,SN 2019EIN,AAVSO,STD,,,,
2458617.371,13.95,,,R,LGIB,,000-BNC-522,,X24436ER,,0,,Z,13.96,,,SN 2019EIN,AAVSO,STD,,,,
2458617.388,14.4,,,SG,LGIB,,000-BNC-522,,X24436ER,,0,,Z,14.52,,,SN 2019EIN,AAVSO,STD,,,,
2458617.411,13.76,,,SR,LGIB,,000-BNC-522,,X24436ER,,0,,Z,14.15,,,SN 2019EIN,AAVSO,STD,,,,
2458617.428,13.95,,,SI,LGIB,,000-BNC-522,,X24436ER,,0,,Z,14.01,,,SN 2019EIN,AAVSO,STD,,,,
2458617.55363,14.10,,,V,NRNA,,000-BNC-522,,X224429EG,,0,,Z,14.06,,,SN 2019EIN,AAVSO,STD,,,,
2458617.56773,14.00,,,R,NRNA,,000-BNC-522,,X224429EG,,0,,Z,14.06,,,SN 2019EIN,AAVSO,STD,,,,
2458617.58183,14.10,,,SG,NRNA,,000-BNC-522,,X224429EG,,0,,Z,14.06,,,SN 2019EIN,AAVSO,STD,,,,
2458617.59028,13.6,,,Vis.,DMIB,KZ,13.5,,Tycho2,,,,Z,,,,SN 2019EIN,AAVSO,STD,,,,
2458618.35347,13.9,,,CV,WKL,B,,,X24429HV,,0,,Z,14.1,14.3,,SN 2019EIN,BAV,STD,,,,
2458618.42917,13.8,,,Vis.,TYS,K,133,143,X24423KK,"""VISUAL FROM SLOOH DIGITAL IMAGE, TRI-G. MAGS FROM WIKISKY.""",,,Z,,,,SN 2019EIN,AAVSO,STD,,,,
2458618.51187,14.07,,,V,NRNA,,000-BNC-522,,X224429EG,,0,,Z,14.06,,,SN 2019EIN,AAVSO,STD,,,,
2458618.52597,13.97,,,R,NRNA,,000-BNC-522,,X224429EG,,0,,Z,14.06,,,SN 2019EIN,AAVSO,STD,,,,
2458618.54007,14.09,,,SG,NRNA,,000-BNC-522,,X224429EG,,0,,Z,14.06,,,SN 2019EIN,AAVSO,STD,,,,
2458618.57576,14.07,,,SR,NRNA,,000-BNC-522,,X224429EG,,0,,Z,14.06,,,SN 2019EIN,AAVSO,STD,,,,
2458619.345,14.34,,,SG,LGIB,,000-BNC-522,,X24436ER,,0,,Z,14.52,,,SN 2019EIN,AAVSO,STD,,,,
2458619.365,13.73,,,SR,LGIB,,000-BNC-522,,X24436ER,,0,,Z,14.15,,,SN 2019EIN,AAVSO,STD,,,,
2458619.380,13.90,,,SI,LGIB,,000-BNC-522,,X24436ER,,0,,Z,14.01,,,SN 2019EIN,AAVSO,STD,,,,
2458619.407,14.05,,,V,LGIB,,000-BNC-522,,X24436ER,,0,,Z,14.32,,,SN 2019EIN,AAVSO,STD,,,,
2458619.41589,14.00,,,V,MAND,,000-BNC-522,000-BNC-522,X24436ER,,0,,Z,14.323,14.323,,SN 2019EIN,AAVSO,STD,,,,
2458619.42574,14.058,0.034,,V,BDG,,ENSEMBLE,UCAC4 652-053507,AAVSO X24423IF,MEAN OF 5 OBS,0,1.021,Z,,15.842,,SN 2019EIN,BAA-VSS,STD,1,,,
2458619.435,13.92,,,R,LGIB,,000-BNC-522,,X24436ER,,0,,Z,13.96,,,SN 2019EIN,AAVSO,STD,,,,
2458619.50718,14.03,,,V,NRNA,,000-BNC-522,,X224429EG,,0,,Z,14.06,,,SN 2019EIN,AAVSO,STD,,,,
2458619.52127,13.94,,,R,NRNA,,000-BNC-522,,X224429EG,,0,,Z,14.06,,,SN 2019EIN,AAVSO,STD,,,,
2458619.53536,14.02,,,SG,NRNA,,000-BNC-522,,X224429EG,,0,,Z,14.06,,,SN 2019EIN,AAVSO,STD,,,,
2458619.56422,14.67,,,SI,NRNA,,000-BNC-522,,X224429EG,,0,,Z,14.06,,,SN 2019EIN,AAVSO,STD,,,,
2458619.57832,14.04,,,SR,NRNA,,000-BNC-522,,X224429EG,,0,,Z,14.06,,,SN 2019EIN,AAVSO,STD,,,,
2458620.38472,13.8,0.1,,CV,BJMC,,,,from Guide9,,0,,Z,14.0,,,SN 2019EIN,AAVSO,STD,10,,,
2458620.83481,14.02,0.02,,V,BLP,,143,147,X24419EG,,0,1.2,Z,14.323,14.56,,SN 2019ein,MCSE,STD,,,,
2458621.41181,14.1,,,Vis.,TYS,K,133,143,X24423KK,"""VISUAL FROM SLOOH DIGITAL IMAGE, TRI-G. MAGS FROM WIKISKY.""",,,Z,,,,SN 2019EIN,AAVSO,STD,,,,
2458623.35796,14.032,0.029,,V,ATE,,143,146,X24429EG,,0,1.069,Z,,14.541,2458623.36040,SN 2019EIN,AAVSO,STD,,,,
2458623.41919,13.956,0.083,,V,RZD,,ENSEMBLE,,X24429SY,,0,1.036,Z,,,,SN 2019EIN,AAVSO,STD,,,,
2458623.42708,13.6,,,Vis.,OJR,,141,,X244299,,,,Z,,,,SN 2019EIN,ROEVM,STD,,,,
2458623.87207,13.991,0.012,,R,HBB,,000-BNC-522,000-BNC-523,X24429XS,BOXED X 3  ERR = STOM(MAG),0,2.46,Z,14.031,14.190,,SN 2019EIN,,STD,,,,
2458623.87293,14.329,0.013,,I,HBB,,000-BNC-522,000-BNC-523,X24429XS,BOXED X 3  ERR = STOM(MAG),0,2.48,Z,14.47,14.549,,SN 2019EIN,,STD,,,,
2458623.87490,14.060,0.023,,V,HBB,,000-BNC-522,000-BNC-523,X24429XS,BOXED X 3  ERR = STOM(MAG),0,2.54,Z,14.721,14.993,,SN 2019EIN,,STD,,,,
2458623.87573,14.360,0.003,,B,HBB,,000-BNC-522,000-BNC-523,X24429XS,BOXED X 3  ERR = STOM(MAG),0,2.55,Z,15.881,16.267,,SN 2019EIN,,STD,,,,
2458624.41044,14.103,0.008,,V,BDG,,ENSEMBLE,UCAC4 652-053507,AAVSO X24423IF,MEAN OF 6 OBS,0,1.021,Z,,15.871,,SN 2019EIN,BAA-VSS,STD,1,,,
2458624.42600,14.11,,,V,NRNA,,000-BNC-522,,X224429EG,,0,,Z,14.06,,,SN 2019EIN,AAVSO,STD,,,,
2458624.44009,14.03,,,R,NRNA,,000-BNC-522,,X224429EG,,0,,Z,14.06,,,SN 2019EIN,AAVSO,STD,,,,
2458624.45419,14.20,,,SG,NRNA,,000-BNC-522,,X224429EG,,0,,Z,14.06,,,SN 2019EIN,AAVSO,STD,,,,
2458624.49626,14.11,,,SR,NRNA,,000-BNC-522,,X224429EG,,0,,Z,14.06,,,SN 2019EIN,AAVSO,STD,,,,
2458624.51044,14.81,,,SI,NRNA,,000-BNC-522,,X224429EG,,0,,Z,14.06,,,SN 2019EIN,AAVSO,STD,,,,
2458624.580067,14.165,0.011,,CV,CDK,,ENSEMBLE,,X24429ABS,STACKED BY 5,0,1.063,Z,,,,SN 2019EIN,AAVSO,STD,,,,
2458624.583752,14.174,0.011,,CV,CDK,,ENSEMBLE,,X24429ABS,STACKED BY 5,0,1.055,Z,,,,SN 2019EIN,AAVSO,STD,,,,
2458624.587394,14.176,0.011,,CV,CDK,,ENSEMBLE,,X24429ABS,STACKED BY 5,0,1.048,Z,,,,SN 2019EIN,AAVSO,STD,,,,
2458624.591403,14.157,0.010,,CV,CDK,,ENSEMBLE,,X24429ABS,STACKED BY 6,0,1.042,Z,,,,SN 2019EIN,AAVSO,STD,,,,
2458624.59377,14.091,0.008,,V,DEY,,000-BNC-522,,X24460JE,NSU RRRT (FAN MTN. OBS) 24-INCH 120S,0,1.2,Z,-12.125,,,SN 2019ein,AAVSO,STD,,,,
2458625.49514,14.3,,,Vis.,TYS,K,143,153,X24423KK,"""VISUAL FROM SLOOH DIGITAL IMAGE, TRI-G. COMP MAGS FROM WIKISKY.""",,,Z,,,,SN 2019EIN,AAVSO,STD,,,,
2458625.587633,14.131,0.020,,V,CDK,,ENSEMBLE,,X244295JH,,0,1.043,Z,,,,SN 2019EIN,AAVSO,STD,,,,
2458625.588399,14.136,0.019,,V,CDK,,ENSEMBLE,,X244295JH,,0,1.042,Z,,,,SN 2019EIN,AAVSO,STD,,,,
2458625.589123,14.133,0.019,,V,CDK,,ENSEMBLE,,X244295JH,,0,1.041,Z,,,,SN 2019EIN,AAVSO,STD,,,,
2458625.590711,14.135,0.013,,V,CDK,,ENSEMBLE,,X244295JH,,0,1.039,Z,,,,SN 2019EIN,AAVSO,STD,,,,
2458625.592173,14.136,0.013,,V,CDK,,ENSEMBLE,,X244295JH,,0,1.037,Z,,,,SN 2019EIN,AAVSO,STD,,,,
2458625.59250,14.154,0.011,,V,DEY,,000-BNC-522,,X24460JE,NSU RRRT (FAN MTN. OBS) 24-INCH 120S,0,1.2,Z,-11.163,,,SN 2019ein,AAVSO,STD,,,,
2458625.593633,14.129,0.013,,V,CDK,,ENSEMBLE,,X244295JH,,0,1.035,Z,,,,SN 2019EIN,AAVSO,STD,,,,
2458625.595098,14.096,0.013,,V,CDK,,ENSEMBLE,,X244295JH,,0,1.033,Z,,,,SN 2019EIN,AAVSO,STD,,,,
2458625.596559,14.128,0.012,,V,CDK,,ENSEMBLE,,X244295JH,,0,1.032,Z,,,,SN 2019EIN,AAVSO,STD,,,,
2458625.598019,14.116,0.013,,V,CDK,,ENSEMBLE,,X244295JH,,0,1.030,Z,,,,SN 2019EIN,AAVSO,STD,,,,
2458625.59813,14.446,0.088,,B,CDZ,,000-BNC-522,000-BNC-523,X24431O,,0,1.454,Z,-4.658,-4.187,,SN 2019EIN,AAVSO,STD,,,,
2458625.599482,14.125,0.013,,V,CDK,,ENSEMBLE,,X244295JH,,0,1.028,Z,,,,SN 2019EIN,AAVSO,STD,,,,
2458625.600942,14.123,0.013,,V,CDK,,ENSEMBLE,,X244295JH,,0,1.026,Z,,,,SN 2019EIN,AAVSO,STD,,,,
2458625.60115,14.122,0.036,,V,CDZ,,000-BNC-522,000-BNC-523,X24431O,,0,1.475,Z,-5.895,-5.657,,SN 2019EIN,AAVSO,STD,,,,
2458625.602402,14.130,0.012,,V,CDK,,ENSEMBLE,,X244295JH,,0,1.025,Z,,,,SN 2019EIN,AAVSO,STD,,,,
2458625.603862,14.127,0.013,,V,CDK,,ENSEMBLE,,X244295JH,,0,1.023,Z,,,,SN 2019EIN,AAVSO,STD,,,,
2458625.60416,14.054,0.027,,R,CDZ,,000-BNC-522,000-BNC-523,X24431O,,0,1.497,Z,-6.435,-6.280,,SN 2019EIN,AAVSO,STD,,,,
2458625.61010,14.295,0.072,,I,CDZ,,000-BNC-522,000-BNC-523,X24431O,,0,1.542,Z,-5.559,-5.481,,SN 2019EIN,AAVSO,STD,,,,
2458626.36339,14.163,0.020,,V,ATE,,143,146,X24429EG,,0,1.046,Z,,14.546,2458626.36567,SN 2019EIN,AAVSO,STD,,,,
2458626.367,14.34,,,SG,LGIB,,000-BNC-522,,X24436ER,,0,,Z,14.52,,,SN 2019EIN,AAVSO,STD,,,,
2458626.381,14.29,,,SR,LGIB,,000-BNC-522,,X24436ER,,0,,Z,14.15,,,SN 2019EIN,AAVSO,STD,,,,
2458626.400,15.03,,,SI,LGIB,,000-BNC-522,,X24436ER,,0,,Z,14.01,,,SN 2019EIN,AAVSO,STD,,,,
2458626.412,14.19,,,V,LGIB,,000-BNC-522,,X24436ER,,0,,Z,14.32,,,SN 2019EIN,AAVSO,STD,,,,
2458626.424,14.15,,,R,LGIB,,000-BNC-522,,X24436ER,,0,,Z,13.96,,,SN 2019EIN,AAVSO,STD,,,,
2458626.43706,14.207,0.016,,V,BDG,,ENSEMBLE,UCAC4 652-053507,AAVSO X24423IF,MEAN OF 6 OBS,0,1.024,Z,,15.890,,SN 2019EIN,BAA-VSS,STD,1,,,
2458626.47854,14.24,,,V,NRNA,,000-BNC-522,,X224429EG,,0,,Z,14.06,,,SN 2019EIN,AAVSO,STD,,,,
2458626.49284,14.21,,,R,NRNA,,000-BNC-522,,X224429EG,,0,,Z,14.06,,,SN 2019EIN,AAVSO,STD,,,,
2458626.50924,14.35,,,SG,NRNA,,000-BNC-522,,X224429EG,,0,,Z,14.06,,,SN 2019EIN,AAVSO,STD,,,,
2458626.52352,14.29,,,SR,NRNA,,000-BNC-522,,X224429EG,,0,,Z,14.06,,,SN 2019EIN,AAVSO,STD,,,,
2458626.54584,14.215,0.02,,V,EHEA,U,ensemble,000-BNC-523,X24436FB,,0,,Z,,14.579,,SN 2019EIN,AAVSO,STD,,,,
2458626.55639,15.06,,,SI,NRNA,,000-BNC-522,,X224429EG,,0,,Z,14.06,,,SN 2019EIN,AAVSO,STD,,,,
2458626.60977,14.167,0.009,,V,DEY,,000-BNC-522,,X24460JE,NSU RRRT (FAN MTN. OBS) 24-INCH 120S,0,1.01,Z,-11.263,,,SN 2019EIN,AAVSO,STD,,,,
2458626.61458,14.3,,,Vis.,HFF,,14.3,,X24431PN,,,,Z,,,,SN 2019EIN,AAVSO,STD,,,,
2458627.36027,14.41,,,SG,LGIB,,000-BNC-522,,X24436ER,,0,,Z,14.52,,,SN 2019EIN,AAVSO,STD,,,,
2458627.36319,14.25,,,V,WKL,,,,X24429HV,,0,,Z,14.3,14.6,,SN 2019EIN,BAV,STD,,,,
2458627.38079,14.35,,,SR,LGIB,,000-BNC-522,,X24436ER,,0,,Z,14.15,,,SN 2019EIN,AAVSO,STD,,,,
2458627.39839,15.11,,,SI,LGIB,,000-BNC-522,,X24436ER,,0,,Z,14.01,,,SN 2019EIN,AAVSO,STD,,,,
2458627.41920,14.25,,,V,LGIB,,000-BNC-522,,X24436ER,,0,,Z,14.32,,,SN 2019EIN,AAVSO,STD,,,,
2458627.43355,14.25,,,R,LGIB,,000-BNC-522,,X24436ER,,0,,Z,13.96,,,SN 2019EIN,AAVSO,STD,,,,
2458627.43981,14.260,0.009,,V,BDG,,ENSEMBLE,UCAC4 652-053507,AAVSO X24423IF,MEAN OF 7 OBS,0,1.027,Z,,15.906,,SN 2019EIN,BAA-VSS,STD,1,,,
2458627.73772,14.406,0.010,,CV,CDAD,,ENSEMBLE,146,X24437T,,0,1.019,Z,,14.626,,SN 2019EIN,,STD,0,,,
2458627.73845,14.414,0.010,,CV,CDAD,,ENSEMBLE,146,X24437T,,0,1.020,Z,,14.605,,SN 2019EIN,,STD,0,,,
2458627.73918,14.404,0.010,,CV,CDAD,,ENSEMBLE,146,X24437T,,0,1.020,Z,,14.606,,SN 2019EIN,,STD,0,,,
2458627.73991,14.409,0.010,,CV,CDAD,,ENSEMBLE,146,X24437T,,0,1.021,Z,,14.615,,SN 2019EIN,,STD,0,,,
2458627.74064,14.388,0.009,,CV,CDAD,,ENSEMBLE,146,X24437T,,0,1.021,Z,,14.615,,SN 2019EIN,,STD,0,,,
2458627.74137,14.400,0.010,,CV,CDAD,,ENSEMBLE,146,X24437T,,0,1.022,Z,,14.596,,SN 2019EIN,,STD,0,,,
2458627.74209,14.403,0.010,,CV,CDAD,,ENSEMBLE,146,X24437T,,0,1.022,Z,,14.626,,SN 2019EIN,,STD,0,,,
2458627.74284,14.415,0.010,,CV,CDAD,,ENSEMBLE,146,X24437T,,0,1.023,Z,,14.618,,SN 2019EIN,,STD,0,,,
2458627.74356,14.417,0.010,,CV,CDAD,,ENSEMBLE,146,X24437T,,0,1.024,Z,,14.593,,SN 2019EIN,,STD,0,,,
2458627.74429,14.400,0.010,,CV,CDAD,,ENSEMBLE,146,X24437T,,0,1.024,Z,,14.588,,SN 2019EIN,,STD,0,,,
2458627.74502,14.417,0.010,,CV,CDAD,,ENSEMBLE,146,X24437T,,0,1.025,Z,,14.565,,SN 2019EIN,,STD,0,,,
2458627.74575,14.367,0.010,,CV,CDAD,,ENSEMBLE,146,X24437T,,0,1.026,Z,,14.575,,SN 2019EIN,,STD,0,,,
2458628.38214,14.268,0.018,,V,ATE,,143,146,X24429EG,,0,1.017,Z,,14.550,2458628.38431,SN 2019EIN,AAVSO,STD,,,,
2458628.40764,14.5,0.1,,CV,BJMC,,,,from Guide9,,0,,Z,14.0,,,SN 2019EIN,AAVSO,STD,,,,
2458628.593386,14.463,0.014,,V,CDK,,ENSEMBLE,,X244295JH,,0,1.026,Z,,,,SN 2019EIN,AAVSO,STD,,,,
2458628.594849,14.468,0.014,,V,CDK,,ENSEMBLE,,X244295JH,,0,1.024,Z,,,,SN 2019EIN,AAVSO,STD,,,,
2458628.596324,14.466,0.014,,V,CDK,,ENSEMBLE,,X244295JH,,0,1.023,Z,,,,SN 2019EIN,AAVSO,STD,,,,
2458628.597784,14.450,0.014,,V,CDK,,ENSEMBLE,,X244295JH,,0,1.021,Z,,,,SN 2019EIN,AAVSO,STD,,,,
2458628.599244,14.475,0.014,,V,CDK,,ENSEMBLE,,X244295JH,,0,1.020,Z,,,,SN 2019EIN,AAVSO,STD,,,,
2458628.600704,14.459,0.014,,V,CDK,,ENSEMBLE,,X244295JH,,0,1.019,Z,,,,SN 2019EIN,AAVSO,STD,,,,
2458629.33,14.6,,,Vis.,BOZ,,143,146,190525,,,,Z,,,,SN 2019EIN,MCSE,STD,,,,
2458629.346,14.52,0.17,,R,BJOK,,CAL,,,,0,,Z,14.49,,,SN 2019EIN,,STD,,,,
2458629.35384,14.52,0.17,,V,BJOK,,CAL,,,,0,,Z,14.32,,,SN 2019EIN,,STD,,,,
2458629.42083,14.2,,,Vis.,OJR,,141,,X244299,,,,Z,,,,SN 2019EIN,ROEVM,STD,,,,
2458629.43750,14.2,,,Vis.,DMIB,,13.5,14.3,X24429EG,,,,Z,,,,SN 2019EIN,AAVSO,STD,,,,
2458629.47359,14.46,,,V,NRNA,,000-BNC-522,,X224429EG,,0,,Z,14.06,,,SN 2019EIN,AAVSO,STD,,,,
2458629.48976,14.50,,,R,NRNA,,000-BNC-522,,X224429EG,,0,,Z,14.06,,,SN 2019EIN,AAVSO,STD,,,,
2458629.50384,14.60,,,SG,NRNA,,000-BNC-522,,X224429EG,,0,,Z,14.06,,,SN 2019EIN,AAVSO,STD,,,,
2458629.51837,14.59,,,SR,NRNA,,000-BNC-522,,X224429EG,,0,,Z,14.06,,,SN 2019EIN,AAVSO,STD,,,,
2458629.53247,15.34,,,SI,NRNA,,000-BNC-522,,X224429EG,,0,,Z,14.06,,,SN 2019EIN,AAVSO,STD,,,,
2458629.54233,14.473,0.03,,V,EHEA,,ensemble,000-BNC-523,X24436FB,,0,,Z,,14.574,,SN 2019EIN,AAVSO,STD,,,,
2458629.83230,14.44,.02,,V,BLP,,143,146,X24419EG,,0,1.30,Z,14.323,14.57,,SN 2019EIN,MCSE,STD,MCSE,,,
2458630.38611,14.3,,,Vis.,TYS,,143,146,X24431ABA,VISUAL FROM SLOOH DIGITAL IMAGE.,,,Z,,,,SN 2019ein,AAVSO,STD,,,,
2458630.46641,14.494,0.013,,V,BDG,,ENSEMBLE,UCAC4 652-053507,AAVSO X24423IF,MEAN OF 5 OBS,0,1.058,Z,,15.891,,SN 2019EIN,BAA-VSS,STD,1,,,
2458630.57943,14.950,0.108,,B,CDZ,,000-BNC-522,000-BNC-523,X24431O,,0,1.421,Z,-4.532,-4.114,,SN 2019EIN,AAVSO,STD,,,,
2458630.58532,14.442,0.044,,V,CDZ,,000-BNC-522,000-BNC-523,X24431O,,0,1.460,Z,-5.708,-5.474,,SN 2019EIN,AAVSO,STD,,,,
2458630.58532,14.453,0.043,,V,CDZ,,000-BNC-522,000-BNC-523,X24431O,,0,1.460,Z,-5.732,-5.488,,SN 2019EIN,AAVSO,STD,,,,
2458630.58832,14.416,0.036,,R,CDZ,,000-BNC-522,000-BNC-523,X24431O,,0,1.481,Z,-6.228,-6.083,,SN 2019EIN,AAVSO,STD,,,,
2458630.59133,14.572,0.102,,I,CDZ,,000-BNC-522,000-BNC-523,X24431O,,0,1.503,Z,-5.351,-5.278,,SN 2019EIN,AAVSO,STD,,,,
2458631.39499,14.453,0.092,,V,RZD,,ENSEMBLE,,X24443EHL,,0,1.037,Z,,,,SN 2019EIN,AAVSO,STD,,,,
2458631.64450,14.584,0.009,,V,DEY,,000-BNC-522,,X24460JE,NSU RRRT (FAN MTN. OBS) 24-INCH 120S,0,1.01,Z,-12.200,,,SN 2019EIN,AAVSO,STD,,,,
2458631.70816,14.568,0.032,,V,CDAD,,ENSEMBLE,146,X24437T,,0,1.011,Z,,14.597,,SN 2019EIN,,STD,0,,,
2458631.70852,14.612,0.035,,V,CDAD,,ENSEMBLE,146,X24437T,,0,1.011,Z,,14.575,,SN 2019EIN,,STD,0,,,
2458631.70889,14.549,0.033,,V,CDAD,,ENSEMBLE,146,X24437T,,0,1.011,Z,,14.597,,SN 2019EIN,,STD,0,,,
2458631.70925,14.534,0.035,,V,CDAD,,ENSEMBLE,146,X24437T,,0,1.011,Z,,14.514,,SN 2019EIN,,STD,0,,,
2458632.37839,14.603,0.004,,V,ATE,,143,146,X16659HL,,0,1.011,Z,,14.612,2458632.38033,SN 2019EIN,AAVSO,STD,,,,
2458632.5768,14.6225,0.023,,V,CDK,,ENSEMBLE,,X24429JH,AVERAGE OF 4 OBS.,0,1.032,Z,,,,SN 2019EIN,AAVSO,STD,,,,
2458632.582642,14.6153,0.022,,V,CDK,,ENSEMBLE,,X24429JH,AVERAGE OF 4 OBS.,0,1.025,Z,,,,SN 2019EIN,AAVSO,STD,,,,
2458632.58401,15.256,0.119,,B,CDZ,,000-BNC-522,000-BNC-523,X24431O,,0,1.489,Z,-4.600,-4.163,,SN 2019EIN,AAVSO,STD,,,,
2458632.588493,14.6248,0.0212,,V,CDK,,ENSEMBLE,,X24429JH,AVERAGE OF 4 OBS.,0,1.019,Z,,,,SN 2019EIN,AAVSO,STD,,,,
2458632.60402,14.559,0.038,,V,CDZ,,000-BNC-522,000-BNC-523,X24431O,,0,1.655,Z,-5.914,-5.669,,SN 2019EIN,AAVSO,STD,,,,
2458632.60702,14.479,0.030,,R,CDZ,,000-BNC-522,000-BNC-523,X24431O,,0,1.684,Z,-6.453,-6.297,,SN 2019EIN,AAVSO,STD,,,,
2458632.60906,14.188,0.023,,TG,DEY,,000-BNC-522,,X24460JE,APT ZAP STD RGB TO BVRC TRANSFORM USING NGC 7790,1,1.0,Z,-9.684,,,SN 2019ein,AAVSO,STD,1,,,
2458632.60906,15.055,0.033,,TB,DEY,,000-BNC-522,,X24460JE,APT ZAP STD RGB TO BVRC TRANSFORM USING NGC 7790,1,1.0,Z,-9.338,,,SN 2019ein,AAVSO,STD,1,,,
2458632.60906,13.714,0.033,,TR,DEY,,000-BNC-522,,X24460JE,APT ZAP STD RGB TO BVRC TRANSFORM USING NGC 7790,1,1.0,Z,-9.700,,,SN 2019ein,AAVSO,STD,1,,,
2458632.61003,14.557,0.085,,I,CDZ,,000-BNC-522,000-BNC-523,X24431O,,0,1.714,Z,-5.525,-5.460,,SN 2019EIN,AAVSO,STD,,,,
2458632.61971,14.66,,,V,CRAB,,000-BNC-522,,X24450H,,0,1.823,Z,14.32,,,SN 2019EIN,AAVSO,STD,,,,
2458632.66854,14.792,0.037,,V,CDAD,,ENSEMBLE,146,X24437T,,0,1.021,Z,,14.590,,SN 2019EIN,,STD,0,,,
2458632.66891,14.733,0.035,,V,CDAD,,ENSEMBLE,146,X24437T,,0,1.021,Z,,14.571,,SN 2019EIN,,STD,0,,,
2458632.66927,14.665,0.033,,V,CDAD,,ENSEMBLE,146,X24437T,,0,1.020,Z,,14.687,,SN 2019EIN,,STD,0,,,
2458632.66964,14.689,0.032,,V,CDAD,,ENSEMBLE,146,X24437T,,0,1.020,Z,,14.626,,SN 2019EIN,,STD,0,,,
2458632.67000,14.719,0.037,,V,CDAD,,ENSEMBLE,146,X24437T,,0,1.020,Z,,14.560,,SN 2019EIN,,STD,0,,,
2458632.67037,14.628,0.034,,V,CDAD,,ENSEMBLE,146,X24437T,,0,1.020,Z,,14.577,,SN 2019EIN,,STD,0,,,
2458632.67073,14.612,0.034,,V,CDAD,,ENSEMBLE,146,X24437T,,0,1.019,Z,,14.525,,SN 2019EIN,,STD,0,,,
2458632.67110,14.654,0.033,,V,CDAD,,ENSEMBLE,146,X24437T,,0,1.019,Z,,14.605,,SN 2019EIN,,STD,0,,,
2458632.67146,14.692,0.034,,V,CDAD,,ENSEMBLE,146,X24437T,,0,1.019,Z,,14.598,,SN 2019EIN,,STD,0,,,
2458633.34861,15.1,0.1,,TB,JPG,,UCAC4-652-053513,,X24453IX,,0,,Z,14.866,,,SN 2019EIN,AAVSO,STD,,,,
2458633.34861,14.5,0.1,,TG,JPG,,UCAC4-652-053513,,X24453IX,,0,,Z,14.323,,,SN 2019EIN,AAVSO,STD,,,,
2458633.34861,14.1,0.1,,TR,JPG,,UCAC4-652-053513,,X24453IX,,0,,Z,13.956,,,SN 2019EIN,AAVSO,STD,,,,
2458633.37917,14.9,,,CV,WKL,,,,X24429HV,,0,,Z,14.6,14.3,,SN 2019EIN,BAV,STD,,,,
2458633.41667,14.3,,,Vis.,OJR,,141,,X244299,,,,Z,,,,SN 2019EIN,ROEVM,STD,,,,
2458633.43767,14.74,,,V,NRNA,,000-BNC-522,,X224429EG,,0,,Z,14.06,,,SN 2019EIN,AAVSO,STD,,,,
2458633.46098,14.65,,,R,NRNA,,000-BNC-522,,X224429EG,,0,,Z,14.06,,,SN 2019EIN,AAVSO,STD,,,,
2458633.47508,14.96,,,SG,NRNA,,000-BNC-522,,X224429EG,,0,,Z,14.06,,,SN 2019EIN,AAVSO,STD,,,,
2458633.48918,14.78,,,SR,NRNA,,000-BNC-522,,X224429EG,,0,,Z,14.06,,,SN 2019EIN,AAVSO,STD,,,,
2458633.50326,15.34,,,SI,NRNA,,000-BNC-522,,X224429EG,,0,,Z,14.06,,,SN 2019EIN,AAVSO,STD,,,,
2458633.65635,14.733,0.035,,V,CDAD,,ENSEMBLE,146,X24437T,,0,1.030,Z,,14.598,,SN 2019EIN,,STD,0,,,
2458633.65672,14.670,0.032,,V,CDAD,,ENSEMBLE,146,X24437T,,0,1.029,Z,,14.565,,SN 2019EIN,,STD,0,,,
2458633.65708,14.710,0.032,,V,CDAD,,ENSEMBLE,146,X24437T,,0,1.029,Z,,14.505,,SN 2019EIN,,STD,0,,,
2458633.65745,14.719,0.031,,V,CDAD,,ENSEMBLE,146,X24437T,,0,1.028,Z,,14.603,,SN 2019EIN,,STD,0,,,
2458633.65781,14.732,0.032,,V,CDAD,,ENSEMBLE,146,X24437T,,0,1.028,Z,,14.544,,SN 2019EIN,,STD,0,,,
2458634.40284,14.78,,,V,NRNA,,000-BNC-522,,X224429EG,,0,,Z,14.06,,,SN 2019EIN,AAVSO,STD,,,,
2458634.41693,14.72,,,R,NRNA,,000-BNC-522,,X224429EG,,0,,Z,14.06,,,SN 2019EIN,AAVSO,STD,,,,
2458634.43103,15.03,,,SG,NRNA,,000-BNC-522,,X224429EG,,0,,Z,14.06,,,SN 2019EIN,AAVSO,STD,,,,
2458634.44513,14.82,,,SR,NRNA,,000-BNC-522,,X224429EG,,0,,Z,14.06,,,SN 2019EIN,AAVSO,STD,,,,
2458634.45922,15.31,,,SI,NRNA,,000-BNC-522,,X224429EG,,0,,Z,14.06,,,SN 2019EIN,AAVSO,STD,,,,
2458634.57470,15.545,0.127,,B,CDZ,,000-BNC-522,000-BNC-523,X24431O,,0,1.462,Z,-4.740,-4.258,,SN 2019EIN,AAVSO,STD,,,,
2458634.57510,14.681,0.038,,V,CDZ,,000-BNC-522,000-BNC-523,X24431O,,0,1.465,Z,-5.979,-5.716,,SN 2019EIN,AAVSO,STD,,,,
2458634.57815,14.519,0.030,,R,CDZ,,000-BNC-522,000-BNC-523,X24431O,,0,1.486,Z,-6.475,-6.348,,SN 2019EIN,AAVSO,STD,,,,
2458634.58117,14.506,0.075,,I,CDZ,,000-BNC-522,000-BNC-523,X24431O,,0,1.508,Z,-5.606,-5.546,,SN 2019EIN,AAVSO,STD,,,,
2458634.61111,14.4,,,Vis.,LALB,,143,141,X2446XJ,,,,Z,,,,SN 2019EIN,AAVSO,STD,,,,
2458634.65891,14.785,0.033,,V,CDAD,,ENSEMBLE,146,X24437T,,0,1.024,Z,,14.600,,SN 2019EIN,,STD,0,,,
2458634.65927,14.916,0.036,,V,CDAD,,ENSEMBLE,146,X24437T,,0,1.024,Z,,14.605,,SN 2019EIN,,STD,0,,,
2458634.65964,14.805,0.034,,V,CDAD,,ENSEMBLE,146,X24437T,,0,1.024,Z,,14.533,,SN 2019EIN,,STD,0,,,
2458634.66000,14.785,0.032,,V,CDAD,,ENSEMBLE,146,X24437T,,0,1.023,Z,,14.563,,SN 2019EIN,,STD,0,,,
2458634.66037,14.716,0.031,,V,CDAD,,ENSEMBLE,146,X24437T,,0,1.023,Z,,14.539,,SN 2019EIN,,STD,0,,,
2458634.75337,14.775,0.011,,V,DEY,,000-BNC-522,,X24460JE,NSU RRRT (FAN MTN. OBS) 24-INCH 120S,0,1.31,Z,-12.152,,,SN 2019EIN,AAVSO,STD,,,,
2458635.36536,14.729,0.015,,V,ATE,,NA,146,X24429EG,,0,1.015,Z,,14.566,2458635.36713,SN 2019EIN,AAVSO,STD,,,,
2458635.37353,14.9,0.1,,CV,BJMC,,,,from Guide9,,0,,Z,14.4,,,SN 2019EIN,AAVSO,STD,,,,
2458635.40417,14.4,,,Vis.,TYS,,143,148,X24431ABA,"""VISUAL FROM SLOOH DIGITAL IMAGE, TRI-G.""",,,Z,,,,SN 2019EIN,AAVSO,STD,,,,
2458635.41916,14.78,,,V,MAND,,000-BNC-522,000-BNC-522,X24436ER,,0,,Z,14.323,14.323,,SN 2019EIN,AAVSO,STD,,,,
2458635.43750,14.4,,,Vis.,OJR,,141,,X244299,,,,Z,,,,SN 2019EIN,ROEVM,STD,,,,
2458635.56549,15.610,0.143,,B,CDZ,,000-BNC-522,000-BNC-523,X24431O,,0,1.419,Z,-4.669,-4.210,,SN 2019EIN,AAVSO,STD,,,,
2458635.57283,14.717,0.040,,V,CDZ,,000-BNC-522,000-BNC-523,X24431O,,0,1.468,Z,-5.931,-5.664,,SN 2019EIN,AAVSO,STD,,,,
2458635.573307,14.799,0.030,,V,CDK,,ENSEMBLE,,X24429JH,,0,1.027,Z,,,,SN 2019EIN,AAVSO,STD,,,,
2458635.5753,14.802,0.031,,V,CDK,,ENSEMBLE,,X24429JH,,0,1.025,Z,,,,SN 2019EIN,AAVSO,STD,,,,
2458635.57586,14.528,0.030,,R,CDZ,,000-BNC-522,000-BNC-523,X24431O,,0,1.489,Z,-6.470,-6.322,,SN 2019EIN,AAVSO,STD,,,,
2458635.576836,14.797,0.028,,V,CDK,,ENSEMBLE,,X24429JH,,0,1.023,Z,,,,SN 2019EIN,AAVSO,STD,,,,
2458635.578297,14.812,0.030,,V,CDK,,ENSEMBLE,,X24429JH,,0,1.022,Z,,,,SN 2019EIN,AAVSO,STD,,,,
2458635.57891,14.468,0.073,,I,CDZ,,000-BNC-522,000-BNC-523,X24431O,,0,1.512,Z,-5.587,-5.525,,SN 2019EIN,AAVSO,STD,,,,
2458635.579757,14.801,0.028,,V,CDK,,ENSEMBLE,,X24429JH,,0,1.020,Z,,,,SN 2019EIN,AAVSO,STD,,,,
2458635.581218,14.797,0.028,,V,CDK,,ENSEMBLE,,X24429JH,,0,1.019,Z,,,,SN 2019EIN,AAVSO,STD,,,,
2458635.58268,14.808,0.028,,V,CDK,,ENSEMBLE,,X24429JH,,0,1.018,Z,,,,SN 2019EIN,AAVSO,STD,,,,
2458635.584089,14.810,0.027,,V,CDK,,ENSEMBLE,,X24429JH,,0,1.016,Z,,,,SN 2019EIN,AAVSO,STD,,,,
2458635.585549,14.852,0.028,,V,CDK,,ENSEMBLE,,X24429JH,,0,1.015,Z,,,,SN 2019EIN,AAVSO,STD,,,,
2458635.586957,14.810,0.027,,V,CDK,,ENSEMBLE,,X24429JH,,0,1.014,Z,,,,SN 2019EIN,AAVSO,STD,,,,
2458635.65771,14.942,0.038,,V,CDAD,,ENSEMBLE,146,X24437T,,0,1.023,Z,,14.617,,SN 2019EIN,,STD,0,,,
2458635.65807,14.841,0.036,,V,CDAD,,ENSEMBLE,146,X24437T,,0,1.023,Z,,14.548,,SN 2019EIN,,STD,0,,,
2458635.65844,14.902,0.034,,V,CDAD,,ENSEMBLE,146,X24437T,,0,1.022,Z,,14.588,,SN 2019EIN,,STD,0,,,
2458635.65881,14.784,0.032,,V,CDAD,,ENSEMBLE,146,X24437T,,0,1.022,Z,,14.544,,SN 2019EIN,,STD,0,,,
2458635.65917,14.796,0.038,,V,CDAD,,ENSEMBLE,146,X24437T,,0,1.022,Z,,14.606,,SN 2019EIN,,STD,0,,,
2458635.767407,14.77,0.02,,V,BLP,,143,146,X24419EG,,0,1.11,Z,14.323,14.57,,SN 2019EIN,MCSE,STD,MCSE,,,
2458636.42539,14.88,,,V,NRNA,,000-BNC-522,,X224429EG,,0,,Z,14.06,,,SN 2019EIN,AAVSO,STD,,,,
2458636.43949,14.68,,,R,NRNA,,000-BNC-522,,X224429EG,,0,,Z,14.06,,,SN 2019EIN,AAVSO,STD,,,,
2458636.44949,14.879,0.02,,V,EHEA,,ensemble,000-BNC-523,X24436FB,,0,,Z,,14.575,,SN 2019EIN,AAVSO,STD,,,,
2458636.45378,15.26,,,SG,NRNA,,000-BNC-522,,X224429EG,,0,,Z,14.06,,,SN 2019EIN,AAVSO,STD,,,,
2458636.46795,14.81,,,SR,NRNA,,000-BNC-522,,X224429EG,,0,,Z,14.06,,,SN 2019EIN,AAVSO,STD,,,,
2458636.48205,15.19,,,SI,NRNA,,000-BNC-522,,X224429EG,,0,,Z,14.06,,,SN 2019EIN,AAVSO,STD,,,,
2458636.48524,14.81,,,V,LGIB,,000-BNC-522,,X24436ER,,0,,Z,14.32,,,SN 2019EIN,AAVSO,STD,,,,
2458636.57389,15.780,0.174,,B,CDZ,,000-BNC-522,000-BNC-523,X24431O,,0,1.495,Z,-4.606,-4.136,,SN 2019EIN,AAVSO,STD,,,,
2458636.57690,14.771,0.045,,V,CDZ,,000-BNC-522,000-BNC-523,X24431O,,0,1.517,Z,-5.841,-5.586,,SN 2019EIN,AAVSO,STD,,,,
2458636.57994,14.513,0.033,,R,CDZ,,000-BNC-522,000-BNC-523,X24431O,,0,1.541,Z,-6.375,-6.224,,SN 2019EIN,AAVSO,STD,,,,
2458636.59169,14.413,0.078,,I,CDZ,,000-BNC-522,000-BNC-523,X24431O,,0,1.642,Z,-5.498,-5.439,,SN 2019EIN,AAVSO,STD,,,,
2458636.60550,14.831,0.013,,V,DEY,,000-BNC-522,,X24460JE,NSU RRRT (FAN MTN. OBS) 24-INCH 120S,0,1.00,Z,-11.741,,,SN 2019EIN,AAVSO,STD,,,,
2458636.63153,14.795,0.021,,TG,DEY,,000-BNC-522,,X24460JE,PENTAX KP + 127MM  F6.67 NO CAL YET ZAP,0,1.0,Z,-10.334,,,SN 2019EIN,AAVSO,STD,2,,,
2458636.63153,15.701,0.034,,TB,DEY,,000-BNC-522,,X24460JE,PENTAX KP + 127MM  F6.67 NO CAL YET ZAP,0,1.0,Z,-9.860,,,SN 2019EIN,AAVSO,STD,2,,,
2458636.63153,14.476,0.038,,TR,DEY,,000-BNC-522,,X24460JE,PENTAX KP + 127MM  F6.67 NO CAL YET ZAP,0,1.0,Z,-9.450,,,SN 2019EIN,AAVSO,STD,2,,,
2458636.63420,14.86,,,V,CRAB,,000-BNC-522,,X24450H,,0,2.186,Z,14.32,,,SN 2019EIN,AAVSO,STD,,,,
2458636.65949,14.873,0.049,,V,CDAD,,ENSEMBLE,146,X24437T,,0,1.020,Z,,14.466,,SN 2019EIN,,STD,0,,,
2458636.65986,14.843,0.035,,V,CDAD,,ENSEMBLE,146,X24437T,,0,1.019,Z,,14.597,,SN 2019EIN,,STD,0,,,
2458636.66022,14.725,0.037,,V,CDAD,,ENSEMBLE,146,X24437T,,0,1.019,Z,,14.560,,SN 2019EIN,,STD,0,,,
2458636.66059,14.928,0.038,,V,CDAD,,ENSEMBLE,146,X24437T,,0,1.019,Z,,14.567,,SN 2019EIN,,STD,0,,,
2458636.66095,14.892,0.038,,V,CDAD,,ENSEMBLE,146,X24437T,,0,1.019,Z,,14.634,,SN 2019EIN,,STD,0,,,
2458637.38069,15.33,,,SG,LGIB,,000-BNC-522,,X24436ER,,0,,Z,14.52,,,SN 2019EIN,AAVSO,STD,,,,
2458637.39346,14.87,,,V,MAND,,000-BNC-522,000-BNC-522,X24436ER,,0,,Z,14.323,14.323,,SN 2019EIN,AAVSO,STD,,,,
2458637.39429,14.80,,,SR,LGIB,,000-BNC-522,,X24436ER,,0,,Z,14.15,,,SN 2019EIN,AAVSO,STD,,,,
2458637.40459,15.21,,,SI,LGIB,,000-BNC-522,,X24436ER,,0,,Z,14.01,,,SN 2019EIN,AAVSO,STD,,,,
2458637.41690,14.97,,,V,LGIB,,000-BNC-522,,X24436ER,,0,,Z,14.32,,,SN 2019EIN,AAVSO,STD,,,,
2458637.42337,14.908,0.01,,V,EHEA,U,ensemble,000-BNC-523,X24436FB,,0,,Z,,14.573,,SN 2019EIN,AAVSO,STD,,,,
2458637.43054,14.65,,,R,LGIB,,000-BNC-522,,X24436ER,,0,,Z,13.96,,,SN 2019EIN,AAVSO,STD,,,,
2458637.65638,14.948,0.042,,V,CDAD,,ENSEMBLE,146,X24437T,,0,1.020,Z,,14.536,,SN 2019EIN,,STD,0,,,
2458637.65674,14.971,0.048,,V,CDAD,,ENSEMBLE,146,X24437T,,0,1.020,Z,,14.445,,SN 2019EIN,,STD,0,,,
2458637.65711,14.981,0.044,,V,CDAD,,ENSEMBLE,146,X24437T,,0,1.019,Z,,14.572,,SN 2019EIN,,STD,0,,,
2458637.65748,15.017,0.046,,V,CDAD,,ENSEMBLE,146,X24437T,,0,1.019,Z,,14.581,,SN 2019EIN,,STD,0,,,
2458637.65784,14.965,0.041,,V,CDAD,,ENSEMBLE,146,X24437T,,0,1.019,Z,,14.576,,SN 2019EIN,,STD,0,,,
2458638.35412,14.97,,,V,MMAO,,000-BNC-522,,X24469AG,,0,,Z,14.32,,,SN 2019EIN,AAVSO,STD,,,,
2458638.53687,15.03,,,V,NRNA,,000-BNC-522,,X224429EG,,0,,Z,14.06,,,SN 2019EIN,AAVSO,STD,,,,
2458638.57730,15.51,,,SG,NRNA,,000-BNC-522,,X224429EG,,0,,Z,14.06,,,SN 2019EIN,AAVSO,STD,,,,
2458638.58194,14.8,,,Vis.,LALB,,143,141,X24461XJ,,,,Z,,,,SN 2019EIN,AAVSO,STD,,,,
2458638.59192,14.86,,,SR,NRNA,,000-BNC-522,,X224429EG,,0,,Z,14.06,,,SN 2019EIN,AAVSO,STD,,,,
2458638.59713,14.95,,,V,CRAB,,000-BNC-522,,X24450H,,0,1.752,Z,14.32,,,SN 2019EIN,AAVSO,STD,,,,
2458638.65801,15.110,0.043,,V,CDAD,,ENSEMBLE,146,X24437T,,0,1.017,Z,,14.626,,SN 2019EIN,,STD,0,,,
2458638.65837,15.064,0.041,,V,CDAD,,ENSEMBLE,146,X24437T,,0,1.017,Z,,14.603,,SN 2019EIN,,STD,0,,,
2458638.65874,14.946,0.037,,V,CDAD,,ENSEMBLE,146,X24437T,,0,1.017,Z,,14.646,,SN 2019EIN,,STD,0,,,
2458638.65910,15.043,0.041,,V,CDAD,,ENSEMBLE,146,X24437T,,0,1.016,Z,,14.542,,SN 2019EIN,,STD,0,,,
2458638.65947,15.058,0.041,,V,CDAD,,ENSEMBLE,146,X24437T,,0,1.016,Z,,14.567,,SN 2019EIN,,STD,0,,,
2458639.36009,15.04,,,V,MMAO,,000-BNC-522,,X24469AG,,0,,Z,14.32,,,SN 2019EIN,AAVSO,STD,,,,
2458639.38795,15.02,,,V,MAND,,000-BNC-522,000-BNC-522,X24436ER,,0,,Z,14.323,14.323,,SN 2019EIN,AAVSO,STD,,,,
2458639.40277,15.54,,,SG,LGIB,,000-BNC-522,,X24436ER,,0,,Z,14.52,,,SN 2019EIN,AAVSO,STD,,,,
2458639.42201,15.06,,,V,NRNA,,000-BNC-522,,X224429EG,,0,,Z,14.06,,,SN 2019EIN,AAVSO,STD,,,,
2458639.43623,14.72,,,R,NRNA,,000-BNC-522,,X224429EG,,0,,Z,14.06,,,SN 2019EIN,AAVSO,STD,,,,
2458639.45087,15.10,,,SI,NRNA,,000-BNC-522,,X224429EG,,0,,Z,14.06,,,SN 2019EIN,AAVSO,STD,,,,
2458639.46181,14.7,,,Vis.,TYS,,143,153,X24423KK,"""VISUAL FROM SLOOH DIGITAL IMAGE, TRI-G.""",,,Z,,,,SN 2019EIN,AAVSO,STD,,,,
2458639.46499,15.57,,,SG,NRNA,,000-BNC-522,,X224429EG,,0,,Z,14.06,,,SN 2019EIN,AAVSO,STD,,,,
2458639.47909,14.85,,,SR,NRNA,,000-BNC-522,,X224429EG,,0,,Z,14.06,,,SN 2019EIN,AAVSO,STD,,,,
2458639.78051,15.106,0.043,,V,CDAD,,ENSEMBLE,146,X24437T,,0,1.162,Z,,14.584,,SN 2019EIN,,STD,0,,,
2458639.78087,15.127,0.044,,V,CDAD,,ENSEMBLE,146,X24437T,,0,1.163,Z,,14.556,,SN 2019EIN,,STD,0,,,
2458639.78124,15.108,0.046,,V,CDAD,,ENSEMBLE,146,X24437T,,0,1.164,Z,,14.656,,SN 2019EIN,,STD,0,,,
2458639.78160,15.185,0.045,,V,CDAD,,ENSEMBLE,146,X24437T,,0,1.165,Z,,14.583,,SN 2019EIN,,STD,0,,,
2458639.78197,15.101,0.045,,V,CDAD,,ENSEMBLE,146,X24437T,,0,1.166,Z,,14.570,,SN 2019EIN,,STD,0,,,
2458640.39916,14.87,,,SR,LGIB,,000-BNC-522,,X24436ER,,0,,Z,14.15,,,SN 2019EIN,AAVSO,STD,,,,
2458640.40657,15.67,,,SG,LGIB,,000-BNC-522,,X24436ER,,0,,Z,14.52,,,SN 2019EIN,AAVSO,STD,,,,
2458640.41491,15.122,0.02,,V,EHEA,,ensemble,000-BNC-523,X24436FB,,0,,Z,,14.567,,SN 2019EIN,AAVSO,STD,,,,
2458640.41581,15.07,,,SI,LGIB,,000-BNC-522,,X24436ER,,0,,Z,14.01,,,SN 2019EIN,AAVSO,STD,,,,
2458640.41994,15.119,0.004,,V,BDG,,ENSEMBLE,UCAC4 652-053507,AAVSO X24423IF,MEAN OF 5 OBS,0,1.038,Z,,15.896,,SN 2019EIN,BAA-VSS,STD,1,,,
2458640.42412,15.11,,,V,LGIB,,000-BNC-522,,X24436ER,,0,,Z,14.32,,,SN 2019EIN,AAVSO,STD,,,,
2458640.43204,14.74,,,R,LGIB,,000-BNC-522,,X24436ER,,0,,Z,13.96,,,SN 2019EIN,AAVSO,STD,,,,
2458640.66005,15.193,0.045,,V,CDAD,,ENSEMBLE,146,X24437T,,0,1.013,Z,,14.583,,SN 2019EIN,,STD,0,,,
2458640.66042,15.158,0.051,,V,CDAD,,ENSEMBLE,146,X24437T,,0,1.013,Z,,14.626,,SN 2019EIN,,STD,0,,,
2458640.66078,15.217,0.049,,V,CDAD,,ENSEMBLE,146,X24437T,,0,1.013,Z,,14.685,,SN 2019EIN,,STD,0,,,
2458640.66115,15.257,0.048,,V,CDAD,,ENSEMBLE,146,X24437T,,0,1.013,Z,,14.602,,SN 2019EIN,,STD,0,,,
2458640.66150,15.126,0.045,,V,CDAD,,ENSEMBLE,146,X24437T,,0,1.013,Z,,14.628,,SN 2019EIN,,STD,0,,,
2458641.38911,15.4,0.1,,CV,BJMC,,,,from Guide9,,0,,Z,14.4,,,SN 2019EIN,AAVSO,STD,,,,
2458641.67714,15.127,0.046,,V,CDAD,,ENSEMBLE,146,X24437T,,0,1.010,Z,,14.611,,SN 2019EIN,,STD,0,,,
2458641.67750,15.238,0.051,,V,CDAD,,ENSEMBLE,146,X24437T,,0,1.010,Z,,14.640,,SN 2019EIN,,STD,0,,,
2458641.67787,15.181,0.050,,V,CDAD,,ENSEMBLE,146,X24437T,,0,1.010,Z,,14.632,,SN 2019EIN,,STD,0,,,
2458642.35903,15.6,0.1,,TB,JPG,,UCAC4-652-053513,,X24453IX,,0,,Z,14.866,,,SN 2019EIN,AAVSO,STD,,,,
2458642.35903,15.0,0.1,,TG,JPG,,UCAC4-652-053513,,X24453IX,,0,,Z,14.323,,,SN 2019EIN,AAVSO,STD,,,,
2458642.35903,14.7,0.1,,TR,JPG,,UCAC4-652-053513,,X24453IX,,0,,Z,13.956,,,SN 2019EIN,AAVSO,STD,,,,
2458642.37106,15.148,0.032,,V,ATE,,143,146,X24429EG,,0,1.001,Z,,14.563,2458642.37240,SN 2019EIN,AAVSO,STD,,,,
2458642.43750,14.8,,,Vis.,OJR,,143,,X244299,,,,Z,,,,SN 2019EIN,ROEVM,STD,,,,
2458642.58803,15.138,0.056,,V,CDZ,,000-BNC-522,000-BNC-523,X24431O,,0,1.770,Z,-5.894,-5.618,,SN 2019EIN,AAVSO,STD,,,,
2458642.59104,14.707,0.036,,R,CDZ,,000-BNC-522,000-BNC-523,X24431O,,0,1.804,Z,-6.420,-6.270,,SN 2019EIN,AAVSO,STD,,,,
2458642.60273,14.379,0.072,,I,CDZ,,000-BNC-522,000-BNC-523,X24431O,,0,1.950,Z,-5.562,-5.498,,SN 2019EIN,AAVSO,STD,,,,
2458642.60981,16.290,0.068,,B,CDZ,,000-BNC-522,000-BNC-523,X24431O,,0,2.052,Z,-4.480,-4.055,,SN 2019EIN,AAVSO,STD,,,,
2458643.38819,15.2,,,CV,WKL,,,,X24429HV,,0,,Z,14.8,,,SN 2019EIN,BAV,STD,,,,
2458643.40749,15.37,,,V,MMAO,,000-BNC-522,,X24469AG,,0,,Z,14.32,,,SN 2019EIN,AAVSO,STD,,,,
2458643.46450 ,15.38,,,V,MAND,,000-BNC-522,000-BNC-522,X24436ER,,0,,Z,14.323,14.323,,SN 2019EIN,AAVSO,STD,,,,
2458643.46497,15.362,0.01,,V,EHEA,,ensemble,000-BNC-523,X24436FB,,0,,Z,,14.568,,SN 2019EIN,AAVSO,STD,,,,
2458643.68060,15.515,0.062,,V,CDAD,,ENSEMBLE,146,X24437T,,0,1.012,Z,,14.582,,SN 2019EIN,,STD,0,,,
2458643.68097,15.561,0.064,,V,CDAD,,ENSEMBLE,146,X24437T,,0,1.012,Z,,14.620,,SN 2019EIN,,STD,0,,,
2458643.68133,15.447,0.069,,V,CDAD,,ENSEMBLE,146,X24437T,,0,1.012,Z,,14.602,,SN 2019EIN,,STD,0,,,
2458643.68170,15.458,0.058,,V,CDAD,,ENSEMBLE,146,X24437T,,0,1.013,Z,,14.613,,SN 2019EIN,,STD,0,,,
2458643.68206,15.450,0.056,,V,CDAD,,ENSEMBLE,146,X24437T,,0,1.013,Z,,14.602,,SN 2019EIN,,STD,0,,,
2458645.41378,15.253,0.098,,V,RZD,,ENSEMBLE,,X24471AEU,,0,1.000,Z,,,,SN 2019EIN,AAVSO,STD,,,,
2458645.65579,15.603,0.063,,V,CDAD,,ENSEMBLE,146,X24437T,,0,1.010,Z,,14.569,,SN 2019EIN,,STD,0,,,
2458645.65634,15.473,0.065,,V,CDAD,,ENSEMBLE,146,X24437T,,0,1.010,Z,,14.541,,SN 2019EIN,,STD,0,,,
2458645.65690,15.578,0.067,,V,CDAD,,ENSEMBLE,146,X24437T,,0,1.010,Z,,14.584,,SN 2019EIN,,STD,0,,,
2458645.65745,15.535,0.068,,V,CDAD,,ENSEMBLE,146,X24437T,,0,1.010,Z,,14.529,,SN 2019EIN,,STD,0,,,
2458646.40833,<14.3,,,Vis.,OJR,,143,,X244299,,,,Z,,,,SN 2019EIN,ROEVM,STD,,,,
2458646.45833,15.1,,,Vis.,TYS,,143,155,X24431ABA,"""VISUAL FROM SLOOH DIGITAL IMAGE, TRI-G.""",,,Z,,,,SN 2019EIN,AAVSO,STD,,,,
2458646.58762,15.450,0.075,,V,CDZ,,000-BNC-522,000-BNC-523,X24431O,,0,1.895,Z,-5.854,-5.611,,SN 2019EIN,AAVSO,STD,,,,
2458646.59093,15.019,0.047,,R,CDZ,,000-BNC-522,000-BNC-523,X24431O,,0,1.938,Z,-6.421,-6.275,,SN 2019EIN,AAVSO,STD,,,,
2458646.60263,14.668,0.092,,I,CDZ,,000-BNC-522,000-BNC-523,X24431O,,0,2.110,Z,-5.565,-5.493,,SN 2019EIN,AAVSO,STD,,,,
2458646.60848,16.599,0.091,,B,CDZ,,000-BNC-522,000-BNC-523,X24431O,,0,2.209,Z,-4.461,-4.055,,SN 2019EIN,AAVSO,STD,,,,
2458646.66435,15.588,0.064,,V,CDAD,,ENSEMBLE,146,X24437T,,0,1.010,Z,,14.578,,SN 2019EIN,,STD,0,,,
2458646.66543,15.610,0.060,,V,CDAD,,ENSEMBLE,146,X24437T,,0,1.010,Z,,14.567,,SN 2019EIN,,STD,0,,,
2458646.66597,15.591,0.061,,V,CDAD,,ENSEMBLE,146,X24437T,,0,1.010,Z,,14.510,,SN 2019EIN,,STD,0,,,
2458646.66650,15.795,0.075,,V,CDAD,,ENSEMBLE,146,X24437T,,0,1.011,Z,,14.579,,SN 2019EIN,,STD,0,,,
2458647.38969,15.701,0.018 ,,V,MAND,,000-BNC-522,000-BNC-522,X24436ER,,0,1.037,Z,14.323,14.323,,SN 2019EIN,AAVSO,STD,,,,
2458647.40492,15.75,,,V,NRNA,,000-BNC-522,,X224429EG,,0,,Z,14.06,,,SN 2019EIN,AAVSO,STD,,,,
2458647.41902,15.37,,,R,NRNA,,000-BNC-522,,X224429EG,,0,,Z,14.06,,,SN 2019EIN,AAVSO,STD,,,,
2458647.43311,16.38,,,SG,NRNA,,000-BNC-522,,X224429EG,,0,,Z,14.06,,,SN 2019EIN,AAVSO,STD,,,,
2458647.45667,15.743,0.03,,V,EHEA,,ensemble,000-BNC-523,X24436FB,,0,,Z,,14.570,,SN 2019EIN,AAVSO,STD,,,,
2458647.46081,15.55,,,SI,NRNA,,000-BNC-522,,X224429EG,,0,,Z,14.06,,,SN 2019EIN,AAVSO,STD,,,,
2458647.48355,15.49,,,SR,NRNA,,000-BNC-522,,X224429EG,,0,,Z,14.06,,,SN 2019EIN,AAVSO,STD,,,,
2458647.67339,15.713,0.064,,V,CDAD,,ENSEMBLE,146,X24437T,,0,1.014,Z,,14.585,,SN 2019EIN,,STD,0,,,
2458647.67411,15.751,0.064,,V,CDAD,,ENSEMBLE,146,X24437T,,0,1.014,Z,,14.550,,SN 2019EIN,,STD,0,,,
2458647.67481,15.710,0.061,,V,CDAD,,ENSEMBLE,146,X24437T,,0,1.014,Z,,14.564,,SN 2019EIN,,STD,0,,,
2458647.67553,15.791,0.064,,V,CDAD,,ENSEMBLE,146,X24437T,,0,1.015,Z,,14.571,,SN 2019EIN,,STD,0,,,
2458647.67624,15.667,0.057,,V,CDAD,,ENSEMBLE,146,X24437T,,0,1.015,Z,,14.584,,SN 2019EIN,,STD,0,,,
2458648.61965,15.699,0.013,,V,DEY,,000-BNC-522,,X24460JE,NSU RRRT (FAN MTN. OBS) 24-INCH 3X120S,0,1.03,Z,-12.383,,,SN 2019EIN,AAVSO,STD,,,,
2458649.38933,15.88,,,V,NRNA,,000-BNC-522,,X224429EG,,0,,Z,14.06,,,SN 2019EIN,AAVSO,STD,,,,
2458649.40361,15.50,,,R,NRNA,,000-BNC-522,,X224429EG,,0,,Z,14.06,,,SN 2019EIN,AAVSO,STD,,,,
2458649.41779,16.55,,,SG,NRNA,,000-BNC-522,,X224429EG,,0,,Z,14.06,,,SN 2019EIN,AAVSO,STD,,,,
2458649.43197,15.63,,,SR,NRNA,,000-BNC-522,,X224429EG,,0,,Z,14.06,,,SN 2019EIN,AAVSO,STD,,,,
2458649.44606,15.77,,,SI,NRNA,,000-BNC-522,,X224429EG,,0,,Z,14.06,,,SN 2019EIN,AAVSO,STD,,,,
2458649.45736,15.888,0.034,,V,BDG,,ENSEMBLE,UCAC4 652-053507,AAVSO X24423IF,MEAN OF 10 OBS,0,1.135,Z,,15.869,,SN 2019EIN,BAA-VSS,STD,1,,,
2458649.59882,15.595,0.136,,V,CDZ,,000-BNC-522,000-BNC-523,X24431O,,0,2.183,Z,-5.667,-5.421,,SN 2019EIN,AAVSO,STD,,,,
2458649.60184,15.132,0.080,,R,CDZ,,000-BNC-522,000-BNC-523,X24431O,,0,2.236,Z,-6.254,-6.129,,SN 2019EIN,AAVSO,STD,,,,
2458649.60776,14.748,0.131,,I,CDZ,,000-BNC-522,000-BNC-523,X24431O,,0,2.349,Z,-5.436,-5.366,,SN 2019EIN,AAVSO,STD,,,,
2458649.61179,15.719,0.054,,V,DEY,,000-BNC-522,,X24460JE,NSU RRRT (FAN MTN. OBS) 24-INCH 3X120S,0,1.03,Z,-10.774,,,SN 2019EIN,AAVSO,STD,,,,
2458649.69522,15.854,0.078,,V,CDAD,,ENSEMBLE,146,X24437T,,0,1.036,Z,,14.555,,SN 2019EIN,,STD,0,,,
2458649.69593,15.761,0.064,,V,CDAD,,ENSEMBLE,146,X24437T,,0,1.037,Z,,14.553,,SN 2019EIN,,STD,0,,,
2458649.69664,15.837,0.070,,V,CDAD,,ENSEMBLE,146,X24437T,,0,1.037,Z,,14.596,,SN 2019EIN,,STD,0,,,
2458649.69735,15.730,0.064,,V,CDAD,,ENSEMBLE,146,X24437T,,0,1.038,Z,,14.638,,SN 2019EIN,,STD,0,,,
2458649.69807,15.799,0.066,,V,CDAD,,ENSEMBLE,146,X24437T,,0,1.039,Z,,14.616,,SN 2019EIN,,STD,0,,,
2458650.45745,15.89,,,V,BJOK,,CAL,,,,0,,Z,14.32,,,SN 2019EIN,,STD,,,,
2458650.45948,15.833,0.03,,V,EHEA,B,ensemble,000-BNC-523,X24436FB,,0,,Z,,14.590,,SN 2019EIN,AAVSO,STD,,,,
2458650.45983,15.48,,,R,BJOK,,CAL,,,,0,,Z,13.96,,,SN 2019EIN,,STD,,,,
2458650.66501,15.871,0.068,,V,CDAD,,ENSEMBLE,146,X24437T,,0,1.013,Z,,14.535,,SN 2019EIN,,STD,0,,,
2458650.66572,15.895,0.068,,V,CDAD,,ENSEMBLE,146,X24437T,,0,1.014,Z,,14.561,,SN 2019EIN,,STD,0,,,
2458650.66644,15.797,0.063,,V,CDAD,,ENSEMBLE,146,X24437T,,0,1.014,Z,,14.598,,SN 2019EIN,,STD,0,,,
2458650.66714,15.852,0.069,,V,CDAD,,ENSEMBLE,146,X24437T,,0,1.014,Z,,14.572,,SN 2019EIN,,STD,0,,,
2458650.66786,15.888,0.072,,V,CDAD,,ENSEMBLE,146,X24437T,,0,1.015,Z,,14.599,,SN 2019EIN,,STD,0,,,
2458651.42847,16.1,,,CV,WKL,,,,X24429HV,Coast Tenerife,0,,Z,16.2,,,SN 2019EIN,BAV,STD,,,,
2458651.49792,15.8,,,Vis.,TYS,,155,162,X24431ABA,"""VISUAL FROM SLOOH DIGITAL IMAGE, TRI-G.""",,,Z,,,,SN 2019EIN,AAVSO,STD,,,,
2458652.43123,15.95,,,V,MMAO,,000-BNC-522,,X24469AG,,0,,Z,14.32,,,SN 2019EIN,AAVSO,STD,,,,
2458652.51767,15.98,,,V,NRNA,,000-BNC-522,,X224429EG,,0,,Z,14.06,,,SN 2019EIN,AAVSO,STD,,,,
2458652.53206,15.66,,,R,NRNA,,000-BNC-522,,X224429EG,,0,,Z,14.06,,,SN 2019EIN,AAVSO,STD,,,,
2458653.39019,15.98,,,V,MMAO,,000-BNC-522,,X24469AG,,0,,Z,14.32,,,SN 2019EIN,AAVSO,STD,,,,
2458653.44868,16.04,,,V,NRNA,,000-BNC-522,,X224429EG,,0,,Z,14.06,,,SN 2019EIN,AAVSO,STD,,,,
2458653.48089,15.68,,,R,NRNA,,000-BNC-522,,X224429EG,,0,,Z,14.06,,,SN 2019EIN,AAVSO,STD,,,,
2458653.49505,16.00,,,SI,NRNA,,000-BNC-522,,X224429EG,,0,,Z,14.06,,,SN 2019EIN,AAVSO,STD,,,,
2458653.50917,16.65,,,SG,NRNA,,000-BNC-522,,X224429EG,,0,,Z,14.06,,,SN 2019EIN,AAVSO,STD,,,,
2458653.52326,15.82,,,SR,NRNA,,000-BNC-522,,X224429EG,,0,,Z,14.06,,,SN 2019EIN,AAVSO,STD,,,,
2458653.68800,15.853,0.052,,V,CDAD,,ENSEMBLE,146,X24437T,,0,1.040,Z,,14.604,,SN 2019EIN,,STD,0,,,
2458653.68872,15.954,0.057,,V,CDAD,,ENSEMBLE,146,X24437T,,0,1.041,Z,,14.603,,SN 2019EIN,,STD,0,,,
2458653.68942,15.905,0.057,,V,CDAD,,ENSEMBLE,146,X24437T,,0,1.042,Z,,14.597,,SN 2019EIN,,STD,0,,,
2458653.69014,16.007,0.063,,V,CDAD,,ENSEMBLE,146,X24437T,,0,1.043,Z,,14.579,,SN 2019EIN,,STD,0,,,
2458653.69084,16.123,0.064,,V,CDAD,,ENSEMBLE,146,X24437T,,0,1.044,Z,,14.560,,SN 2019EIN,,STD,0,,,
2458654.39537,16.04,,,V,MMAO,,000-BNC-522,,X24469AG,,0,,Z,14.32,,,SN 2019EIN,AAVSO,STD,,,,
2458654.66769,15.959,0.058,,V,CDAD,,ENSEMBLE,146,X24437T,,0,1.022,Z,,14.580,,SN 2019EIN,,STD,0,,,
2458654.66839,16.111,0.065,,V,CDAD,,ENSEMBLE,146,X24437T,,0,1.022,Z,,14.513,,SN 2019EIN,,STD,0,,,
2458654.66911,16.039,0.062,,V,CDAD,,ENSEMBLE,146,X24437T,,0,1.023,Z,,14.595,,SN 2019EIN,,STD,0,,,
2458654.66981,15.996,0.054,,V,CDAD,,ENSEMBLE,146,X24437T,,0,1.024,Z,,14.577,,SN 2019EIN,,STD,0,,,
2458654.67052,15.971,0.054,,V,CDAD,,ENSEMBLE,146,X24437T,,0,1.024,Z,,14.586,,SN 2019EIN,,STD,0,,,
2458655.39397,16.09,,,V,MMAO,,000-BNC-522,,X24469AG,,0,,Z,14.32,,,SN 2019EIN,AAVSO,STD,,,,
2458655.45382,16.2,0.1,,CV,BJMC,,,,from Guide9,,0,,Z,15.4,,,SN 2019EIN,AAVSO,STD,,,,
2458655.66704,16.082,0.063,,V,CDAD,,ENSEMBLE,146,X24437T,,0,1.024,Z,,14.616,,SN 2019EIN,,STD,0,,,
2458655.66774,16.147,0.067,,V,CDAD,,ENSEMBLE,146,X24437T,,0,1.024,Z,,14.599,,SN 2019EIN,,STD,0,,,
2458655.66846,16.045,0.066,,V,CDAD,,ENSEMBLE,146,X24437T,,0,1.025,Z,,14.572,,SN 2019EIN,,STD,0,,,
2458655.66917,16.011,0.060,,V,CDAD,,ENSEMBLE,146,X24437T,,0,1.026,Z,,14.584,,SN 2019EIN,,STD,0,,,
2458655.66988,15.918,0.055,,V,CDAD,,ENSEMBLE,146,X24437T,,0,1.026,Z,,14.570,,SN 2019EIN,,STD,0,,,
2458656.39044,16.19,,,V,BJOK,,CAL,,,,0,,Z,14.32,,,SN 2019EIN,,STD,,,,
2458656.39645,16.17,,,V,NRNA,,000-BNC-522,,X224429EG,,0,,Z,14.06,,,SN 2019EIN,AAVSO,STD,,,,
2458656.41061,15.82,,,R,NRNA,,000-BNC-522,,X224429EG,,0,,Z,14.06,,,SN 2019EIN,AAVSO,STD,,,,
2458656.42471,16.74,,,SG,NRNA,,000-BNC-522,,X224429EG,,0,,Z,14.06,,,SN 2019EIN,AAVSO,STD,,,,
2458656.45221,16.17,,,SI,NRNA,,000-BNC-522,,X224429EG,,0,,Z,14.06,,,SN 2019EIN,AAVSO,STD,,,,
2458656.46267,16.108,0.05,,V,EHEA,BU,ensemble,000-BNC-523,X24436FB,,0,,Z,,14.543,,SN 2019EIN,AAVSO,STD,,,,
2458656.46639,15.98,,,SR,NRNA,,000-BNC-522,,X224429EG,,0,,Z,14.06,,,SN 2019EIN,AAVSO,STD,,,,
2458657.34375,16.7,,,TB,JPG,,UCAC4-652-053513,,X24453IX,,0,,Z,14.866,,,SN 2019ein,AAVSO,STD,,,,
2458657.34375,15.6,,,TG,JPG,,UCAC4-652-053513,,X24453IX,,0,,Z,14.323,,,SN 2019ein,AAVSO,STD,,,,
2458657.34375,15.4,,,TR,JPG,,UCAC4-652-053513,,X24453IX,,0,,Z,13.956,,,SN 2019ein,AAVSO,STD,,,,
2458657.34375,15.86,,,V,JPG,,UCAC4-652-053513,,X24453IX,,1,,Z,14.323,,,SN 2019EIN,AAVSO,STD,,,,
2458657.34375,16.91,,,B,JPG,,UCAC4-652-053513,,X24453IX,,1,,Z,14.866,,,SN 2019ein,AAVSO,STD,,,,
2458657.34375,15.46,,,R,JPG,,UCAC4-652-053513,,X24453IX,,1,,Z,13.956,,,SN 2019EIN,AAVSO,STD,,,,
2458657.38558,16.15,,,V,MMAO,,000-BNC-522,,24469AG,,0,,Z,14.32,,,SN 2019EIN,AAVSO,STD,,,,
2458657.40042,15.85,,,R,NRNA,,000-BNC-522,,X224429EG,,0,,Z,14.06,,,SN 2019EIN,AAVSO,STD,,,,
2458657.47917,16.2,,,Vis.,TYS,KS,162,166,X24423KK,"""VISUAL FROM SLOOH DIGITAL IMAGE, TRI-G. SOME NON AAVSO MAGS USED.""",,,Z,,,,SN 2019ein,AAVSO,STD,,,,
2458657.66990,16.104,0.063,,V,CDAD,,ENSEMBLE,146,X24437T,,0,1.032,Z,,14.557,,SN 2019EIN,,STD,0,,,
2458657.67061,16.035,0.064,,V,CDAD,,ENSEMBLE,146,X24437T,,0,1.033,Z,,14.526,,SN 2019EIN,,STD,0,,,
2458658.40559,16.14,,,V,MMAO,,000-BNC-522,,X24469AG,,0,,Z,14.32,,,SN 2019EIN,AAVSO,STD,,,,
2458658.67212,16.052,0.069,,V,CDAD,,ENSEMBLE,146,X24437T,,0,1.038,Z,,14.580,,SN 2019EIN,,STD,0,,,
2458658.67284,16.179,0.074,,V,CDAD,,ENSEMBLE,146,X24437T,,0,1.038,Z,,14.634,,SN 2019EIN,,STD,0,,,
2458658.67354,16.129,0.071,,V,CDAD,,ENSEMBLE,146,X24437T,,0,1.039,Z,,14.603,,SN 2019EIN,,STD,0,,,
2458658.67426,16.128,0.066,,V,CDAD,,ENSEMBLE,146,X24437T,,0,1.040,Z,,14.557,,SN 2019EIN,,STD,0,,,
2458658.67497,16.072,0.077,,V,CDAD,,ENSEMBLE,146,X24437T,,0,1.041,Z,,14.628,,SN 2019EIN,,STD,0,,,
2458659.41209,16.21,,,V,MMAO,,000-BNC-522,,,,0,,Z,14.32,,,SN 2019EIN,AAVSO,STD,,,,
2458659.43462,16.197,0.03,,V,EHEA,,ensemble,000-BNC-523,X24436FB,,0,,Z,,14.555,,SN 2019EIN,AAVSO,STD,,,,
2458659.66002,16.162,0.065,,V,CDAD,,ENSEMBLE,146,X24437T,,0,1.027,Z,,14.536,,SN 2019EIN,,STD,0,,,
2458659.66073,16.063,0.059,,V,CDAD,,ENSEMBLE,146,X24437T,,0,1.028,Z,,14.570,,SN 2019EIN,,STD,0,,,
2458659.66145,16.254,0.073,,V,CDAD,,ENSEMBLE,146,X24437T,,0,1.029,Z,,14.583,,SN 2019EIN,,STD,0,,,
2458659.66215,16.229,0.074,,V,CDAD,,ENSEMBLE,146,X24437T,,0,1.029,Z,,14.580,,SN 2019EIN,,STD,0,,,
2458659.66287,16.105,0.071,,V,CDAD,,ENSEMBLE,146,X24437T,,0,1.030,Z,,14.579,,SN 2019EIN,,STD,0,,,
2458660.35774,16.33,,,V,NRNA,,000-BNC-522,,X224429EG,,0,,Z,14.06,,,SN 2019EIN,AAVSO,STD,,,,
2458660.37191,15.93,,,R,NRNA,,000-BNC-522,,X224429EG,,0,,Z,14.06,,,SN 2019EIN,AAVSO,STD,,,,
2458660.38494,16.29,,,V,MMAO,,000-BNC-522,,X24469AG,,0,,Z,14.32,,,SN 2019EIN,AAVSO,STD,,,,
2458660.39147,16.87,,,SG,NRNA,,000-BNC-522,,X224429EG,,0,,Z,14.06,,,SN 2019EIN,AAVSO,STD,,,,
2458660.40559,16.28,,,SI,NRNA,,000-BNC-522,,X224429EG,,0,,Z,14.06,,,SN 2019EIN,AAVSO,STD,,,,
2458660.41979,16.19,,,SR,NRNA,,000-BNC-522,,X224429EG,,0,,Z,14.06,,,SN 2019EIN,AAVSO,STD,,,,
2458661.40778,16.30,,,V,MMAO,,000-BNC-522,,24469AG,,0,,Z,14.32,,,SN 2019EIN,AAVSO,STD,,,,
2458662.37944,16.36,,,V,NRNA,,000-BNC-522,,X224429EG,,0,,Z,14.06,,,SN 2019EIN,AAVSO,STD,,,,
2458662.38598,16.37,,,V,MMAO,,000-BNC-522,,X24469AG,,0,,Z,14.32,,,SN 2019EIN,AAVSO,STD,,,,
2458662.39354,16.06,,,R,NRNA,,000-BNC-522,,X224429EG,,0,,Z,14.06,,,SN 2019EIN,AAVSO,STD,,,,
2458662.39465,16.3,0.1,,CV,BJMC,,,,from Guide9,,0,,Z,15.4,,,SN 2019EIN,AAVSO,STD,,,,
2458662.40772,16.92,,,SG,NRNA,,000-BNC-522,,X224429EG,,0,,Z,14.06,,,SN 2019EIN,AAVSO,STD,,,,
2458662.48161,16.291,0.079,,V,BDG,,ENSEMBLE,UCAC4 652-053507,AAVSO X24423IF,MEAN OF 5 OBS,0,1.336,Z,,15.878,,SN 2019EIN,BAA-VSS,STD,1,,,
2458662.48472,16.1,,,Vis.,TYS,,155,162,X24431ABA,"""VISUAL FROM SLOOH DIGITAL IMAGE, TRI-G.""",,,Z,,,,SN 2019EIN,AAVSO,STD,,,,
2458663.38067,16.37,,,V,MMAO,,000-BNC-522,,X24469AG,,0,,Z,14.32,,,SN 2019EIN,AAVSO,STD,,,,
2458663.39855 ,16.342,0.016,,V,MAND,,000-BNC-526,000-BNC-526,X24436ER,,0,1.143,Z,15.461,15.461,,SN 2019EIN,AAVSO,STD,,,,
2458663.43049,16.358,0.1,,V,EHEA,,ensemble,000-BNC-523,X24436FB,,0,,Z,,14.557,,SN 2019EIN,AAVSO,STD,,,,
2458663.53819,16.4,,,CV,WKL,,,,X24429HV,Coast Tenerife,0,,Z,16.2,,,SN 2019EIN,BAV,STD,,,,
2458664.42708,16.5,0.1,,CV,BJMC,,,,from Guide9,,0,,Z,15.4,,,SN 2019EIN,AAVSO,STD,,,,
2458664.43113,16.264,0.05,,V,EHEA,,ensemble,000-BNC-523,X24436FB,,0,,Z,,14.576,,SN 2019EIN,AAVSO,STD,,,,
2458664.43623,16.42,,,V,MMAO,,000-BNC-522,,X24469AG,,0,,Z,14.32,,,SN 2019EIN,AAVSO,STD,,,,
2458665.39017,16.49,,,V,MMAO,,000-BNC-522,,X24469AG,,0,,Z,14.32,,,SN 2019EIN,AAVSO,STD,,,,
2458665.41954,16.406,0.05,,V,EHEA,,ensemble,000-BNC-523,X24436FB,,0,,Z,,14.555,,SN 2019EIN,AAVSO,STD,,,,
2458666.32917,17.1,,,TB,JPG,,UCAC4-652-053513,,X24453IX,,0,,Z,14.866,,,SN 2019ein,AAVSO,STD,,,,
2458666.32917,16.5,,,TG,JPG,,UCAC4-652-053513,,X24453IX,,0,,Z,14.323,,,SN 2019ein,AAVSO,STD,,,,
2458666.32917,16.0,,,TR,JPG,,UCAC4-652-053513,,X24453IX,,0,,Z,13.956,,,SN 2019ein,AAVSO,STD,,,,
2458666.36213,16.42,,,V,NRNA,,000-BNC-522,,X224429EG,,0,,Z,14.06,,,SN 2019EIN,AAVSO,STD,,,,
2458666.37631,16.19,,,R,NRNA,,000-BNC-522,,X224429EG,,0,,Z,14.06,,,SN 2019EIN,AAVSO,STD,,,,
2458666.39041,16.92,,,SG,NRNA,,000-BNC-522,,X224429EG,,0,,Z,14.06,,,SN 2019EIN,AAVSO,STD,,,,
2458666.40453,16.58,,,SI,NRNA,,000-BNC-522,,X224429EG,,0,,Z,14.06,,,SN 2019EIN,AAVSO,STD,,,,
2458666.41863,16.26,,,SR,NRNA,,000-BNC-522,,X224429EG,,0,,Z,14.06,,,SN 2019EIN,AAVSO,STD,,,,
2458667.43353,16.449,0.05,,V,EHEA,,ensemble,000-BNC-523,X24436FB,,0,,Z,,14.561,,SN 2019EIN,AAVSO,STD,,,,
2458667.47639,16.5,,,Vis.,TYS,S,162,166,X24431ABA,VISUAL FROM SLOOH DIGITAL IMAGE.,,,Z,,,,SN 2019EIN,AAVSO,STD,,,,
2458667.49951,16.6,0.1,,CV,BJMC,,,,from Guide9,,0,,Z,16.7,,,SN 2019EIN,AAVSO,STD,,,,
2458668.44400,16.51,,,V,MMAO,,000-BNC-522,,24469AG,,0,,Z,14.32,,,SN 2019EIN,AAVSO,STD,,,,
2458670.39096,16.35,,,SR,LGIB,,000-BNC-522,,X22436ER,,0,,Z,14.15,,,SN 2019EIN,AAVSO,STD,,,,
2458670.40314,17.02,,,SG,LGIB,,000-BNC-522,,X22436ER,,0,,Z,14.52,,,SN 2019EIN,AAVSO,STD,,,,
2458670.42609 ,16.482,0.013 ,,V,MAND,,000-BNC-526,000-BNC-526,X24436ER,,0,1.324,Z,15.461,15.461,,SN 2019EIN,AAVSO,STD,,,,
2458670.42839,17.02,,,SI,LGIB,,000-BNC-522,,X22436ER,,0,,Z,14.015,,,SN 2019EIN,AAVSO,STD,,,,
2458670.44579,16.65,,,V,LGIB,,000-BNC-522,,X22436ER,,0,,Z,14.32,,,SN 2019EIN,AAVSO,STD,,,,
2458670.44590,16.520,0.05,,V,EHEA,,ensemble,000-BNC-523,X24436FB,,0,,Z,,,,SN 2019EIN,AAVSO,STD,,,,
2458671.41389,17.1,,,TB,JPG,,UCAC4-652-053513,,X24453IX,,0,,Z,14.866,,,SN 2019EIN,AAVSO,STD,,,,
2458671.41389,16.6,,,TG,JPG,,UCAC4-652-053513,,16.6,,0,,Z,14.323,,,SN 2019EIN,AAVSO,STD,,,,
2458671.41389,16.2,,,TR,JPG,,UCAC4-652-053513,,X24453IX,,0,,Z,13.956,,,SN 2019EIN,AAVSO,STD,,,,
2458672.37896 ,16.491,0.012 ,,V,MAND,,000-BNC-526,000-BNC-526,X24436ER,,0,1.160,Z,15.461,15.461,,SN 2019EIN,AAVSO,STD,,,,
